{
	"format_version": "1.8.0",
	"animations": {
		"sword_slash": {
			"animation_length": 1.5,
			"bones": {
				"right_arm": {
					"rotation": {
						"0.0": {
							"vector": [0, 0, 0]
						},
						"0.6": {
							"vector": [-147.5, 0, -25]
						},
						"0.7": {
							"vector": [-147.5, 0, -25]
						},
						"1.5": {
							"vector": [0, 0, 0]
						}
					}
				}
			}
		},
		"bowattack": {
			"animation_length": 1.1,
			"bones": {
				"right_arm": {
					"rotation": {
						"0.0": {
							"vector": [-45, 0, 0]
						},
						"0.6": {
							"vector": [-17.42442, 0.86717, 9.96271]
						},
						"1.1": {
							"vector": [0, 0, 0]
						}
					}
				},
				"upper_rightarm": {
					"rotation": {
						"0.0": {
							"vector": [-45, 0, 0]
						},
						"0.6": {
							"vector": [-17.42442, 0.86717, 9.96271]
						},
						"1.1": {
							"vector": [0, 0, 0]
						}
					}
				}
			}
		},
		"sword_slash2": {
			"animation_length": 1.5,
			"bones": {
				"left_arm": {
					"rotation": {
						"0.0": [0, 0, 0],
						"0.6": [-147.5, 0, 25],
						"0.7": [-147.5, 0, 25],
						"1.5": [0, 0, 0]
					}
				}
			}
		},
		"multislash": {
			"animation_length": 1.32,
			"bones": {
				"right_arm": {
					"rotation": {
						"0.0": {
							"vector": [-8.78142, -32.75406, 44.53218]
						},
						"0.08": {
							"vector": [-103.78, -32.75, 44.53]
						},
						"0.16": {
							"vector": [-8.78142, -32.75406, 44.53218]
						},
						"0.24": {
							"vector": [-103.78, -32.75, 44.53]
						},
						"0.32": {
							"vector": [-8.78142, -32.75406, 44.53218]
						},
						"0.4": {
							"vector": [-103.78, -32.75, 44.53]
						},
						"0.48": {
							"vector": [-8.78142, -32.75406, 44.53218]
						},
						"0.56": {
							"vector": [-103.78, -32.75, 44.53]
						},
						"0.64": {
							"vector": [-8.78142, -32.75406, 44.53218]
						},
						"0.72": {
							"vector": [-103.78, -32.75, 44.53]
						},
						"0.8": {
							"vector": [-8.78142, -32.75406, 44.53218]
						},
						"0.88": {
							"vector": [-103.78, -32.75, 44.53]
						},
						"0.96": {
							"vector": [-8.78142, -32.75406, 44.53218]
						},
						"1.04": {
							"vector": [-103.78, -32.75, 44.53]
						},
						"1.12": {
							"vector": [-8.78142, -32.75406, 44.53218]
						},
						"1.2": {
							"vector": [-103.78, -32.75, 44.53]
						},
						"1.28": {
							"vector": [0, 0, 0]
						}
					}
				},
				"left_arm": {
					"rotation": {
						"0.0": {
							"vector": [-122.5737, 70.83498, -22.011]
						},
						"0.08": {
							"vector": [-8.78142, 32.7541, -44.5322]
						},
						"0.16": {
							"vector": [-103.78, 32.75, -44.53]
						},
						"0.24": {
							"vector": [-8.78142, 32.7541, -44.5322]
						},
						"0.32": {
							"vector": [-103.78, 32.75, -44.53]
						},
						"0.4": {
							"vector": [-8.78142, 32.7541, -44.5322]
						},
						"0.48": {
							"vector": [-122.5737, 70.83498, -22.011]
						},
						"0.56": {
							"vector": [-8.78142, 32.7541, -44.5322]
						},
						"0.64": {
							"vector": [-103.78, 32.75, -44.53]
						},
						"0.72": {
							"vector": [-8.78142, 32.7541, -44.5322]
						},
						"0.8": {
							"vector": [-103.78, 32.75, -44.53]
						},
						"0.88": {
							"vector": [-8.78142, 32.7541, -44.5322]
						},
						"0.96": {
							"vector": [-122.5737, 70.83498, -22.011]
						},
						"1.04": {
							"vector": [-8.78142, 32.7541, -44.5322]
						},
						"1.12": {
							"vector": [-103.78, 32.75, -44.53]
						},
						"1.2": {
							"vector": [-8.78142, 32.7541, -44.5322]
						},
						"1.28": {
							"vector": [0, 0, 0]
						}
					}
				}
			}
		},
		"idle": {
			"loop": true,
			"animation_length": 1.64,
			"bones": {
				"head": {
					"rotation": {
						"0.04": {
							"vector": [0, 0, 0]
						},
						"0.64": {
							"vector": [0, 27.5, 0]
						},
						"1.2": {
							"vector": [0, -35, 0]
						},
						"1.64": {
							"vector": [0, 0, 0]
						}
					}
				},
				"right_arm": {
					"rotation": {
						"0.0": {
							"vector": [0, 0, 0]
						},
						"0.6": {
							"vector": [10, 0, 0]
						},
						"0.84": {
							"vector": [10, 0, 0]
						},
						"1.12": {
							"vector": [-5, 0, 0]
						},
						"1.52": {
							"vector": [0, 0, 0]
						}
					}
				},
				"left_arm": {
					"rotation": {
						"0.0": {
							"vector": [0, 0, 0]
						},
						"0.6": {
							"vector": [10, 0, 0]
						},
						"0.84": {
							"vector": [10, 0, 0]
						},
						"1.12": {
							"vector": [-5, 0, 0]
						},
						"1.52": {
							"vector": [0, 0, 0]
						}
					}
				}
			}
		},
		"walk": {
			"loop": true,
			"animation_length": 1.44,
			"bones": {
				"right_leg": {
					"rotation": {
						"0.04": {
							"vector": [0, 0, 0]
						},
						"0.56": {
							"vector": [-17.5, 0, 0]
						},
						"1.04": {
							"vector": [17.5, 0, 0]
						},
						"1.44": {
							"vector": [0, 0, 0]
						}
					}
				},
				"left_leg": {
					"rotation": {
						"0.04": {
							"vector": [0, 0, 0]
						},
						"0.56": {
							"vector": [17.5, 0, 0]
						},
						"1.04": {
							"vector": [-17.5, 0, 0]
						},
						"1.44": {
							"vector": [0, 0, 0]
						}
					}
				},
				"right_arm": {
					"rotation": {
						"0.04": {
							"vector": [0, 0, 0]
						},
						"0.56": {
							"vector": [17.5, 0, 0]
						},
						"1.04": {
							"vector": [-7.5, 0, 0]
						},
						"1.44": {
							"vector": [0, 0, 0]
						}
					}
				},
				"left_arm": {
					"rotation": {
						"0.04": {
							"vector": [0, 0, 0]
						},
						"0.56": {
							"vector": [-27.5, 0, 0]
						},
						"1.04": {
							"vector": [17.5, 0, 0]
						},
						"1.44": {
							"vector": [0, 0, 0]
						}
					}
				}
			}
		},
		"death": {
			"animation_length": 2,
			"bones": {
				"head": {
					"rotation": {
						"0.0": {
							"vector": [0, 0, 0]
						},
						"0.68": {
							"vector": [0, -20, 0]
						}
					}
				},
				"right_leg": {
					"rotation": {
						"0.0": {
							"vector": [0, 0, 0]
						},
						"0.64": {
							"vector": [-78.75686, -27.0478, -5.16524]
						}
					},
					"position": {
						"0.0": {
							"vector": [0, 0, 0]
						},
						"0.64": {
							"vector": [15, -20, -5]
						}
					}
				},
				"left_leg": {
					"rotation": {
						"0.0": {
							"vector": [0, 0, 0]
						},
						"0.64": {
							"vector": [-62.5, 0, 0]
						}
					},
					"position": {
						"0.0": {
							"vector": [0, 0, 0]
						},
						"0.64": {
							"vector": [-12, -20, -3]
						}
					}
				},
				"Body": {
					"rotation": {
						"0.0": {
							"vector": [0, 0, 0]
						},
						"0.64": {
							"vector": [-105, 0, 0]
						}
					},
					"position": {
						"0.0": {
							"vector": [0, 0, 0]
						},
						"0.64": {
							"vector": [0, -30, 10]
						}
					}
				},
				"right_arm": {
					"rotation": {
						"0.0": {
							"vector": [0, 0, 0]
						},
						"0.64": {
							"vector": [0, -78.44, 0]
						}
					},
					"position": {
						"0.0": {
							"vector": [0, 0, 0]
						},
						"0.64": {
							"vector": [-13, 0, 2]
						}
					}
				},
				"left_arm": {
					"rotation": {
						"0.0": {
							"vector": [0, 0, 0]
						},
						"0.64": {
							"vector": [0, 0, -7.5]
						}
					},
					"position": {
						"0.0": {
							"vector": [0, 0, 0]
						},
						"0.64": {
							"vector": [8, 0, -4]
						}
					}
				}
			}
		},
		"spawn": {
			"animation_length": 1,
			"bones": {
				"head": {
					"rotation": {
						"0.0": [0, -20, 0],
						"0.68": [0, 0, 0]
					}
				},
				"right_leg": {
					"rotation": {
						"0.0": [-78.75686, -27.0478, -5.16524],
						"0.64": [0, 0, 0]
					},
					"position": {
						"0.0": [15, -20, -5],
						"0.64": [0, 0, 0]
					}
				},
				"left_leg": {
					"rotation": {
						"0.0": [-62.5, 0, 0],
						"0.64": [0, 0, 0]
					},
					"position": {
						"0.0": [-12, -20, -3],
						"0.64": [0, 0, 0]
					}
				},