{
	"format_version": "1.8.0",
	"animations": {
		"sword_slash": {
			"animation_length": 1.5,
			"bones": {
				"right_arm": {
					"rotation": {
						"0.0": {
							"vector": [0, 0, 0]
						},
						"0.6": {
							"vector": [-147.5, 0, -25]
						},
						"0.7": {
							"vector": [-147.5, 0, -25]
						},
						"1.5": {
							"vector": [0, 0, 0]
						}
					}
				}
			}
		},
		"bowattack": {
			"animation_length": 1.1,
			"bones": {
				"right_arm": {
					"rotation": {
						"0.0": {
							"vector": [-45, 0, 0]
						},
						"0.6": {
							"vector": [-17.42442, 0.86717, 9.96271]
						},
						"1.1": {
							"vector": [0, 0, 0]
						}
					}
				},
				"upper_rightarm": {
					"rotation": {
						"0.0": {
							"vector": [-45, 0, 0]
						},
						"0.6": {
							"vector": [-17.42442, 0.86717, 9.96271]
						},
						"1.1": {
							"vector": [0, 0, 0]
						}
					}
				}
			}
		},
		"sword_slash2": {
			"animation_length": 1.5,
			"bones": {
				"left_arm": {
					"rotation": {
						"0.0": [0, 0, 0],
						"0.6": [-147.5, 0, 25],
						"0.7": [-147.5, 0, 25],
						"1.5": [0, 0, 0]
					}
				}
			}
		},
		"multislash": {
			"loop": true,
			"animation_length": 1.28,
			"bones": {
				"right_arm": {
					"rotation": {
						"0.0": [0, 0, 0],
						"0.08": [-77.5, 30, -17.5],
						"0.16": [0, 0, 0],
						"0.24": [77.5, -30, -17.5],
						"0.32": [0, 0, 0],
						"0.4": [-77.5, 30, -17.5],
						"0.48": [0, 0, 0],
						"0.56": [77.5, -30, -17.5],
						"0.64": [0, 0, 0],
						"0.72": [-77.5, 30, -17.5],
						"0.8": [0, 0, 0],
						"0.88": [77.5, -30, -17.5],
						"0.96": [0, 0, 0],
						"1.04": [-77.5, 30, -17.5],
						"1.12": [0, 0, 0],
						"1.2": [77.5, -30, -17.5],
						"1.28": [0, 0, 0]
					}
				},
				"left_arm": {
					"rotation": {
						"0.0": [0, 0, 0],
						"0.08": [-77.5, 30, -17.5],
						"0.16": [0, 0, 0],
						"0.24": [77.5, -30, -17.5],
						"0.32": [0, 0, 0],
						"0.4": [-77.5, 30, -17.5],
						"0.48": [0, 0, 0],
						"0.56": [77.5, -30, -17.5],
						"0.64": [0, 0, 0],
						"0.72": [-77.5, 30, -17.5],
						"0.8": [0, 0, 0],
						"0.88": [77.5, -30, -17.5],
						"0.96": [0, 0, 0],
						"1.04": [-77.5, 30, -17.5],
						"1.12": [0, 0, 0],
						"1.2": [77.5, -30, -17.5],
						"1.28": [0, 0, 0]
					}
				},
				"left_leg": {
					"rotation": {
						"0.0": [0, 0, 0],
						"0.32": [-37.5, 0, 0],
						"0.64": [0, 0, 0],
						"0.96": [-37.5, 0, 0],
						"1.28": [0, 0, 0]
					}
				},
				"right_leg": {
					"rotation": {
						"0.0": [0, 0, 0],
						"0.32": [37.5, 0, 0],
						"0.64": [0, 0, 0],
						"0.96": [37.5, 0, 0],
						"1.28": [0, 0, 0]
					}
				}
			}
		},
		"rib_attack": {
			"animation_length": 1.92,
			"bones": {
				"right_arm": {
					"rotation": {
						"0.0": [0, 0, 0],
						"0.36": [70, 57.5, 65],
						"1.56": [70, 57.5, 65],
						"1.92": [0, 0, 0]
					}
				},
				"left_arm": {
					"rotation": {
						"0.0": [0, 0, 0],
						"0.36": [70, -57.5, -65],
						"1.56": [70, -57.5, -65],
						"1.92": [0, 0, 0]
					}
				},
				"left_ribs": {
					"rotation": {
						"0.0": [0, 0, 0],
						"0.48": [0, -37.5, 0],
						"0.96": [0, 0, 0],
						"1.44": [0, -37.5, 0],
						"1.92": [0, 0, 0]
					}
				},
				"right_ribs": {
					"rotation": {
						"0.0": [0, 0, 0],
						"0.48": [0, 37.5, 0],
						"0.96": [0, 0, 0],
						"1.44": [0, 37.5, 0],
						"1.92": [0, 0, 0]
					}
				}
			}
		},
		"idle": {
			"loop": true,
			"animation_length": 1.64,
			"bones": {
				"head": {
					"rotation": {
						"0.04": {
							"vector": [0, 0, 0]
						},
						"0.64": {
							"vector": [0, 27.5, 0]
						},
						"1.2": {
							"vector": [0, -35, 0]
						},
						"1.64": {
							"vector": [0, 0, 0]
						}
					}
				},
				"right_arm": {
					"rotation": {
						"0.0": {
							"vector": [0, 0, 0]
						},
						"0.6": {
							"vector": [10, 0, 0]
						},
						"0.84": {
							"vector": [10, 0, 0]
						},
						"1.12": {
							"vector": [-5, 0, 0]
						},
						"1.52": {
							"vector": [0, 0, 0]
						}
					}
				},
				"left_arm": {
					"rotation": {
						"0.0": {
							"vector": [0, 0, 0]
						},
						"0.6": {
							"vector": [10, 0, 0]
						},
						"0.84": {
							"vector": [10, 0, 0]
						},
						"1.12": {
							"vector": [-5, 0, 0]
						},
						"1.52": {
							"vector": [0, 0, 0]
						}
					}
				}
			}
		},
		"walk": {
			"loop": true,
			"animation_length": 1.44,
			"bones": {
				"right_leg": {
					"rotation": {
						"0.0": [0, 0, 0],
						"0.56": [-17.5, 0, 0],
						"1.04": [17.5, 0, 0],
						"1.44": [0, 0, 0]
					}
				},
				"left_leg": {
					"rotation": {
						"0.0": [0, 0, 0],
						"0.56": [17.5, 0, 0],
						"1.04": [-17.5, 0, 0],
						"1.44": [0, 0, 0]
					}
				},
				"right_arm": {
					"rotation": {
						"0.0": [0, 0, 0],
						"0.56": [17.5, 0, 0],
						"1.04": [-7.5, 0, 0],
						"1.44": [0, 0, 0]
					}
				},
				"left_arm": {
					"rotation": {
						"0.0": [0, 0, 0],
						"0.56": [-27.5, 0, 0],
						"1.04": [17.5, 0, 0],
						"1.44": [0, 0, 0]
					}
				}
			}
		},
		"death": {
			"animation_length": 2,
			"bones": {
				"head": {
					"rotation": {
						"0.0": {
							"vector": [0, 0, 0]
						},
						"0.68": {
							"vector": [0, -20, 0]
						}
					}
				},
				"right_leg": {
					"rotation": {
						"0.0": {
							"vector": [0, 0, 0]
						},
						"0.64": {
							"vector": [-78.75686, -27.0478, -5.16524]
						}
					},
					"position": {
						"0.0": {
							"vector": [0, 0, 0]
						},
						"0.64": {
							"vector": [15, -20, -5]
						}
					}
				},
				"left_leg": {
					"rotation": {
						"0.0": {
							"vector": [0, 0, 0]
						},
						"0.64": {
							"vector": [-62.5, 0, 0]
						}
					},
					"position": {
						"0.0": {
							"vector": [0, 0, 0]
						},
						"0.64": {
							"vector": [-12, -20, -3]
						}
					}
				},
				"Body": {
					"rotation": {
						"0.0": {
							"vector": [0, 0, 0]
						},
						"0.64": {
							"vector": [-105, 0, 0]
						}
					},
					"position": {
						"0.0": {
							"vector": [0, 0, 0]
						},
						"0.64": {
							"vector": [0, -30, 10]
						}
					}
				},
				"right_arm": {
					"rotation": {
						"0.0": {
							"vector": [0, 0, 0]
						},
						"0.64": {
							"vector": [0, -78.44, 0]
						}
					},
					"position": {
						"0.0": {
							"vector": [0, 0, 0]
						},
						"0.64": {
							"vector": [-13, 0, 2]
						}
					}
				},
				"left_arm": {
					"rotation": {
						"0.0": {
							"vector": [0, 0, 0]
						},
						"0.64": {
							"vector": [0, 0, -7.5]
						}
					},
					"position": {
						"0.0": {
							"vector": [0, 0, 0]
						},
						"0.64": {
							"vector": [8, 0, -4]
						}
					}
				}
			}
		},
		"spawn": {
			"animation_length": 1,
			"bones": {
				"head": {
					"rotation": {
						"0.0": [0, -20, 0],
						"0.68": [0, 0, 0]
					}
				},
				"right_leg": {
					"rotation": {
						"0.0": [-78.75686, -27.0478, -5.16524],
						"0.64": [0, 0, 0]
					},
					"position": {
						"0.0": [15, -20, -5],
						"0.64": [0, 0, 0]
					}
				},
				"left_leg": {
					"rotation": {
						"0.0": [-62.5, 0, 0],
						"0.64": [0, 0, 0]
					},
					"position": {
						"0.0": [-12, -20, -3],
						"0.64": [0, 0, 0]
					}
				},
				"Body": {
					"rotation": {
						"0.0": [-105, 0, 0],
						"0.64": [0, 0, 0]
					},
					"position": {
						"0.0": [0, -30, 10],
						"0.64": [0, 0, 0]
					}
				},
				"right_arm": {
					"rotation": {
						"0.0": [0, -78.44, 0],
						"0.64": [0, 0, 0]
					},
					"position": {
						"0.0": [-13, 0, 2],
						"0.64": [0, 0, 0]
					}
				}
			}
		},
		"shoot": {
			"animation_length": 1.8,
			"bones": {
				"upper_rightarm": {
					"rotation": {
						"0.0": {
							"vector": [0, 0, 0]
						},
						"0.68": {
							"vector": [-72.82854, -12.82789, 82.15779]
						},
						"1.0": {
							"vector": [-72.82854, -12.82789, 82.15779]
						},